[{"id":"6553479c-8c7b-4a56-ab6f-e3d1f618e648","type":"card","cardType":"type-33e52106-dea5-43fe-a99f-11e300f2b6fe","deck":"99f20a77-bd14-43e2-a491-aec8fdab65bb","parent":"38fbac84-7527-4534-80dd-a36d8ec0c422","x":292.79,"y":27.23,"z":6376,"faceup":false,"owner":null,"dragging":null,"draggingType":null},{"id":"f4f7adce-ae65-401b-b33b-f9f7f6e88cc9","x":806.45,"y":9.37,"type":"gamePiece","pieceType":"pin","color":"yellow","z":5952,"dragging":null,"draggingType":null},{"id":"9bc307a9-1769-4311-91f0-c0267988f83d","type":"card","cardType":"type-26df4d3b-e702-42ef-b496-85c385e4cdda","deck":"99f20a77-bd14-43e2-a491-aec8fdab65bb","parent":"38fbac84-7527-4534-80dd-a36d8ec0c422","x":292.79,"y":27.23,"z":6374,"faceup":false,"owner":null,"dragging":null,"draggingType":null},{"id":"1bb17727-6ca6-4f9f-a7dd-4793f541b35e","type":"card","cardType":"type-108d08e2-4134-4a2d-a9ad-a2e3ba1295fb","deck":"99f20a77-bd14-43e2-a491-aec8fdab65bb","parent":"38fbac84-7527-4534-80dd-a36d8ec0c422","x":292.79,"y":27.23,"z":6389,"faceup":false,"owner":null,"dragging":null,"draggingType":null},{"id":"71447b72-22ce-4fe9-b384-5086874008d1","x":167.25,"y":451.81,"type":"cardPile","z":5990,"label":"🟥","width":58,"height":108,"dragging":null,"draggingType":null},{"id":"76909125-c9fc-4ef0-b639-6835e8941cc3","type":"card","cardType":"type-45082497-f983-4a7a-825d-d5f4c907b310","deck":"99f20a77-bd14-43e2-a491-aec8fdab65bb","parent":"38fbac84-7527-4534-80dd-a36d8ec0c422","x":292.79,"y":27.23,"z":6373,"owner":null,"faceup":false,"dragging":null,"draggingType":null},{"id":"3928938d-b3a8-410f-b0b0-322bf707c327","type":"card","cardType":"type-a6b0d62c-4a1d-41e0-b49f-5c691673643b","deck":"99f20a77-bd14-43e2-a491-aec8fdab65bb","parent":"38fbac84-7527-4534-80dd-a36d8ec0c422","x":292.79,"y":27.23,"z":6356,"faceup":false,"owner":null,"dragging":null,"draggingType":null},{"id":"fb8b1602-b9a7-4dc3-b88d-699b617ab714","type":"card","cardType":"type-ec97bd56-3434-48da-8f85-befb21b62d31","deck":"99f20a77-bd14-43e2-a491-aec8fdab65bb","parent":"38fbac84-7527-4534-80dd-a36d8ec0c422","x":292.79,"y":27.23,"z":6385,"owner":null,"faceup":false,"dragging":null,"draggingType":null},{"id":"26cfaa47-b1a3-47b8-8738-36687cb04bbd","type":"card","cardType":"type-bfe8828f-7372-44bd-ac62-6d11bb101347","deck":"99f20a77-bd14-43e2-a491-aec8fdab65bb","parent":"38fbac84-7527-4534-80dd-a36d8ec0c422","x":292.79,"y":27.23,"z":6368,"owner":null,"faceup":false,"dragging":null,"draggingType":null},{"id":"5df6c43a-1956-4d46-926c-e704ca9dffc5","x":4.06,"y":35.39,"type":"counter","counterValue":0,"z":5795,"label":"🔷","dragging":null},{"id":"6b77752a-17bd-44de-b91c-0bb9fca5e0a9","type":"card","cardType":"type-7bc03622-4158-480a-87e9-dd088f6bb5fa","deck":"99f20a77-bd14-43e2-a491-aec8fdab65bb","parent":"38fbac84-7527-4534-80dd-a36d8ec0c422","x":292.79,"y":27.23,"z":6377,"owner":null,"faceup":false,"dragging":null,"draggingType":null},{"id":"2dc28c27-ffee-46ba-87bf-c0f616566cf2","type":"card","cardType":"type-f797db88-de65-4a46-9aca-10be88a57b6e","deck":"99f20a77-bd14-43e2-a491-aec8fdab65bb","parent":"38fbac84-7527-4534-80dd-a36d8ec0c422","x":292.79,"y":27.23,"z":6393,"owner":null,"faceup":false,"dragging":null,"draggingType":null},{"width":105.97837345699345,"y":634.83,"boardImage":"https://raw.githubusercontent.com/rayzg/vira/master/playingcards.io/arrows-clockwise-3.svg","type":"board","id":"94ca761e-ade2-40ea-99b7-3cd4c9d3c739","height":100.14956291685881,"z":5973,"x":140.55,"dragging":null,"draggingType":null},{"id":"a7e16df7-828a-497b-a5e4-752a339fef09","x":683.37,"y":9.85,"z":5954,"type":"gamePiece","pieceType":"pin","color":"blue","dragging":null,"draggingType":null},{"id":"2fbe8ed4-c3ae-4a99-b012-7060ce958fc2","type":"card","cardType":"type-2c4f1424-818b-4665-b29d-7dac67466ef3","deck":"99f20a77-bd14-43e2-a491-aec8fdab65bb","parent":"38fbac84-7527-4534-80dd-a36d8ec0c422","x":292.79,"y":27.23,"z":6350,"owner":null,"faceup":false,"dragging":null,"draggingType":null},{"id":"hand","type":"hand","x":50,"y":820,"z":1,"dragging":null},{"id":"de061765-0156-4a43-b3cc-e8e57bc80bd7","x":1017.88,"y":618.59,"z":5820,"type":"gamePiece","pieceType":"pin","color":"purple","dragging":null,"draggingType":null},{"id":"c9983df6-2fc6-4b9f-b88b-755f372a9fd5","type":"card","cardType":"type-31c3c7f9-5152-44c4-9cc5-ce30f499652d","deck":"99f20a77-bd14-43e2-a491-aec8fdab65bb","parent":"38fbac84-7527-4534-80dd-a36d8ec0c422","x":292.79,"y":27.23,"z":6355,"owner":null,"faceup":false,"dragging":null,"draggingType":null},{"id":"60f8ef01-50b4-464f-af8b-b60559897c99","type":"card","cardType":"type-876be963-2f53-449d-a951-379f6f8dbfcb","deck":"99f20a77-bd14-43e2-a491-aec8fdab65bb","parent":"38fbac84-7527-4534-80dd-a36d8ec0c422","x":292.79,"y":27.23,"z":6379,"faceup":false,"owner":null,"dragging":null,"draggingType":null},{"id":"b89dd910-1549-49ad-a850-0b7cf4569cd5","type":"card","cardType":"type-08d7ca68-b27e-4b65-9286-164028229447","deck":"99f20a77-bd14-43e2-a491-aec8fdab65bb","parent":"38fbac84-7527-4534-80dd-a36d8ec0c422","x":292.79,"y":27.23,"z":6392,"owner":null,"faceup":false,"dragging":null,"draggingType":null},{"id":"255ca28d-543a-42ea-9d7f-720119d9aba3","x":5.14,"y":176.87,"type":"counter","counterValue":0,"z":5797,"label":"🟡","dragging":null},{"cardTypes":{"type-0fe6ce68-2879-4d35-8861-11804cf8c8ed":{"label":"Cow"}},"y":8.64,"cardWidth":80,"id":"3cdc0085-84f4-408f-9e89-17960825a1c0","faceTemplate":{"includeBorder":true,"includeRadius":true,"objects":[{"type":"image","x":0,"y":0,"w":80,"h":80,"color":"white","valueType":"static","value":"https://raw.githubusercontent.com/rayzg/vira/master/playingcards.io/cow-head-1.svg"}]},"cardHeight":80,"backTemplate":{"includeBorder":true,"includeRadius":true,"objects":[{"type":"image","x":0,"y":0,"w":80,"h":80,"color":"#ffffff","valueType":"static","value":"https://raw.githubusercontent.com/rayzg/vira/master/playingcards.io/cow-head-2.svg"}]},"owner":null,"type":"cardDeck","parent":null,"z":5736,"x":1334.41,"dragging":null},{"id":"3e8d5e19-6681-405b-ba5e-95dd3df52f9b","x":734.92,"y":11.46,"z":5953,"type":"gamePiece","pieceType":"pin","color":"red","dragging":null,"draggingType":null},{"id":"804335eb-abdf-400c-9896-01f0613c4b78","type":"card","cardType":"type-44435903-6fe2-4c13-9dcb-24bf446e4e6d","deck":"99f20a77-bd14-43e2-a491-aec8fdab65bb","parent":"38fbac84-7527-4534-80dd-a36d8ec0c422","x":292.79,"y":27.23,"z":6394,"faceup":false,"owner":null,"dragging":null,"draggingType":null},{"id":"51b2c4ae-5615-4bac-8dfb-0ced6a83c9c8","type":"card","cardType":"type-79e90374-b834-43d7-8123-9f0a5b59b47d","deck":"99f20a77-bd14-43e2-a491-aec8fdab65bb","parent":"38fbac84-7527-4534-80dd-a36d8ec0c422","x":292.79,"y":27.23,"z":6387,"faceup":false,"owner":null,"dragging":null,"draggingType":null},{"id":"2d323640-63b9-4c4e-aecb-56408e432f89","type":"card","cardType":"type-3eecda03-741f-4486-a032-9166162c0ff2","deck":"99f20a77-bd14-43e2-a491-aec8fdab65bb","parent":"38fbac84-7527-4534-80dd-a36d8ec0c422","x":292.79,"y":27.23,"z":6352,"faceup":false,"owner":null,"dragging":null,"draggingType":null},{"id":"5e755946-5d67-4f5d-98f9-b287a846c699","type":"card","cardType":"type-382cab42-8e43-4471-9467-35ce55794ca3","deck":"99f20a77-bd14-43e2-a491-aec8fdab65bb","parent":"38fbac84-7527-4534-80dd-a36d8ec0c422","x":292.79,"y":27.23,"z":6388,"faceup":false,"owner":null,"dragging":null,"draggingType":null},{"id":"532b0439-b16d-4c1b-907e-9fb07c3535f2","type":"card","cardType":"type-2101e93b-9c13-424b-91be-dc7c9fd41c7d","deck":"99f20a77-bd14-43e2-a491-aec8fdab65bb","parent":"38fbac84-7527-4534-80dd-a36d8ec0c422","x":292.79,"y":27.23,"z":6382,"faceup":false,"owner":null,"dragging":null,"draggingType":null},{"id":"5f446abf-825a-41ad-9553-d414275fcd8a","type":"card","cardType":"type-d5b7de35-bea9-43e0-a50a-37fdcaa29f17","deck":"99f20a77-bd14-43e2-a491-aec8fdab65bb","parent":"38fbac84-7527-4534-80dd-a36d8ec0c422","x":292.79,"y":27.23,"z":6361,"faceup":false,"owner":null,"dragging":null,"draggingType":null},{"id":"5673d161-a6be-4146-8f65-b4a026e0d440","type":"card","cardType":"type-afb3320d-a3f6-488e-8d94-c84c3752c3e3","deck":"99f20a77-bd14-43e2-a491-aec8fdab65bb","parent":"38fbac84-7527-4534-80dd-a36d8ec0c422","x":292.79,"y":27.23,"z":6398,"owner":null,"faceup":false,"dragging":null,"draggingType":null},{"id":"34c03d46-9997-466c-bde6-e18a1b0fa874","type":"card","cardType":"type-2f5085c3-36cd-49d8-8a70-f63e2a82bf99","deck":"99f20a77-bd14-43e2-a491-aec8fdab65bb","parent":"38fbac84-7527-4534-80dd-a36d8ec0c422","x":292.79,"y":27.23,"z":6358,"owner":null,"faceup":false,"dragging":null,"draggingType":null},{"id":"b9ceb10d-23ef-472c-b020-4b11aa534b63","type":"card","cardType":"type-ea944140-2603-4367-a0e2-47a73811fdc3","deck":"99f20a77-bd14-43e2-a491-aec8fdab65bb","parent":"38fbac84-7527-4534-80dd-a36d8ec0c422","x":292.79,"y":27.23,"z":6351,"owner":null,"faceup":false,"dragging":null,"draggingType":null},{"id":"7b86d76f-9dfd-4ad8-890a-f37c64f41854","type":"card","cardType":"type-9c108da7-a9ac-4a5d-a7f1-08c82f16a381","deck":"99f20a77-bd14-43e2-a491-aec8fdab65bb","parent":"38fbac84-7527-4534-80dd-a36d8ec0c422","x":292.79,"y":27.23,"z":6365,"owner":null,"faceup":false,"dragging":null,"draggingType":null},{"id":"b88be64f-4af0-4f2a-ab0d-748b2be2f280","type":"card","cardType":"type-30b4d07d-f7ce-452d-b75e-8f700e864920","deck":"99f20a77-bd14-43e2-a491-aec8fdab65bb","parent":"38fbac84-7527-4534-80dd-a36d8ec0c422","x":292.79,"y":27.23,"z":6378,"faceup":false,"owner":null,"dragging":null,"draggingType":null},{"id":"4a75f1b5-4575-49d8-b9ed-8e3ddf8a214d","type":"card","cardType":"type-b0ec1625-bc37-4afd-9c2a-9e160a8bc38f","deck":"99f20a77-bd14-43e2-a491-aec8fdab65bb","parent":"38fbac84-7527-4534-80dd-a36d8ec0c422","x":292.79,"y":27.23,"z":6369,"owner":null,"faceup":false,"dragging":null,"draggingType":null},{"id":"d177c98f-f515-4dc8-a733-9945f123df78","type":"card","cardType":"type-24ac5ea6-e912-4c31-b384-68da5d35cf45","deck":"99f20a77-bd14-43e2-a491-aec8fdab65bb","parent":"38fbac84-7527-4534-80dd-a36d8ec0c422","x":292.79,"y":27.23,"z":6390,"faceup":false,"owner":null,"dragging":null,"draggingType":null},{"id":"32573462-0827-43f9-b741-90f71a810150","type":"card","cardType":"type-fc6fb6e8-5ebf-4b12-a741-f9772b641311","deck":"99f20a77-bd14-43e2-a491-aec8fdab65bb","parent":"38fbac84-7527-4534-80dd-a36d8ec0c422","x":292.79,"y":27.23,"z":6354,"faceup":false,"owner":null,"dragging":null,"draggingType":null},{"cardTypes":{"type-a6b0d62c-4a1d-41e0-b49f-5c691673643b":{"label":"club-02","image":"https://raw.githubusercontent.com/rayzg/other-games/master/playing-card-tiles/playingcards.io/domino/club-02.svg"},"type-0e61e2e7-2466-4ff5-a218-84af206cf126":{"label":"club-03","image":"https://raw.githubusercontent.com/rayzg/other-games/master/playing-card-tiles/playingcards.io/domino/club-03.svg"},"type-14e35f4c-17e4-4832-a2b9-751a2d9e623f":{"label":"club-04","image":"https://raw.githubusercontent.com/rayzg/other-games/master/playing-card-tiles/playingcards.io/domino/club-04.svg"},"type-24ac5ea6-e912-4c31-b384-68da5d35cf45":{"label":"club-05","image":"https://raw.githubusercontent.com/rayzg/other-games/master/playing-card-tiles/playingcards.io/domino/club-05.svg"},"type-3895e65b-594b-408e-9fe0-761459a3fb39":{"label":"club-06","image":"https://raw.githubusercontent.com/rayzg/other-games/master/playing-card-tiles/playingcards.io/domino/club-06.svg"},"type-44435903-6fe2-4c13-9dcb-24bf446e4e6d":{"label":"club-07","image":"https://raw.githubusercontent.com/rayzg/other-games/master/playing-card-tiles/playingcards.io/domino/club-07.svg"},"type-3eecda03-741f-4486-a032-9166162c0ff2":{"label":"club-08","image":"https://raw.githubusercontent.com/rayzg/other-games/master/playing-card-tiles/playingcards.io/domino/club-08.svg"},"type-84bf5818-6c70-4abe-952c-1d54c15843c6":{"label":"club-09","image":"https://raw.githubusercontent.com/rayzg/other-games/master/playing-card-tiles/playingcards.io/domino/club-09.svg"},"type-2101e93b-9c13-424b-91be-dc7c9fd41c7d":{"label":"club-10","image":"https://raw.githubusercontent.com/rayzg/other-games/master/playing-card-tiles/playingcards.io/domino/club-10.svg"},"type-9bd1ac2e-f613-4378-8687-a927b126dfb6":{"label":"club-ea","image":"https://raw.githubusercontent.com/rayzg/other-games/master/playing-card-tiles/playingcards.io/domino/club-e.svg"},"type-876be963-2f53-449d-a951-379f6f8dbfcb":{"label":"club-kn","image":"https://raw.githubusercontent.com/rayzg/other-games/master/playing-card-tiles/playingcards.io/domino/club-kn.svg"},"type-f3e54fb5-408e-48f6-ad74-ab2c3ed9cf83":{"label":"club-k","image":"https://raw.githubusercontent.com/rayzg/other-games/master/playing-card-tiles/playingcards.io/domino/club-k.svg"},"type-0dc23273-567a-4291-8347-afeb343f518a":{"label":"club-d","image":"https://raw.githubusercontent.com/rayzg/other-games/master/playing-card-tiles/playingcards.io/domino/club-d.svg"},"type-4bbf888e-fc32-4631-b45d-a210943466e4":{"label":"diamond-02","image":"https://raw.githubusercontent.com/rayzg/other-games/master/playing-card-tiles/playingcards.io/domino/diamond-02.svg"},"type-d5b7de35-bea9-43e0-a50a-37fdcaa29f17":{"label":"diamond-03","image":"https://raw.githubusercontent.com/rayzg/other-games/master/playing-card-tiles/playingcards.io/domino/diamond-03.svg"},"type-31c3c7f9-5152-44c4-9cc5-ce30f499652d":{"label":"diamond-04","image":"https://raw.githubusercontent.com/rayzg/other-games/master/playing-card-tiles/playingcards.io/domino/diamond-04.svg"},"type-2f5085c3-36cd-49d8-8a70-f63e2a82bf99":{"label":"diamond-05","image":"https://raw.githubusercontent.com/rayzg/other-games/master/playing-card-tiles/playingcards.io/domino/diamond-05.svg"},"type-79e90374-b834-43d7-8123-9f0a5b59b47d":{"label":"diamond-06","image":"https://raw.githubusercontent.com/rayzg/other-games/master/playing-card-tiles/playingcards.io/domino/diamond-06.svg"},"type-85483066-f77d-450e-bb88-5477c6e37ea3":{"label":"diamond-07","image":"https://raw.githubusercontent.com/rayzg/other-games/master/playing-card-tiles/playingcards.io/domino/diamond-07.svg"},"type-d9125548-5340-48c8-b63e-4e479da3a84b":{"label":"diamond-08","image":"https://raw.githubusercontent.com/rayzg/other-games/master/playing-card-tiles/playingcards.io/domino/diamond-08.svg"},"type-461877a7-f64f-4919-80b6-7665cd8e4e0e":{"label":"diamond-09","image":"https://raw.githubusercontent.com/rayzg/other-games/master/playing-card-tiles/playingcards.io/domino/diamond-09.svg"},"type-2d3f11f4-4b7d-4b2c-b5e7-6f06bd3e4a14":{"label":"diamond-10","image":"https://raw.githubusercontent.com/rayzg/other-games/master/playing-card-tiles/playingcards.io/domino/diamond-10.svg"},"type-9c108da7-a9ac-4a5d-a7f1-08c82f16a381":{"label":"diamond-e","image":"https://raw.githubusercontent.com/rayzg/other-games/master/playing-card-tiles/playingcards.io/domino/diamond-e.svg"},"type-108d08e2-4134-4a2d-a9ad-a2e3ba1295fb":{"label":"diamond-kn","image":"https://raw.githubusercontent.com/rayzg/other-games/master/playing-card-tiles/playingcards.io/domino/diamond-kn.svg"},"type-ec97bd56-3434-48da-8f85-befb21b62d31":{"label":"diamond-k","image":"https://raw.githubusercontent.com/rayzg/other-games/master/playing-card-tiles/playingcards.io/domino/diamond-k.svg"},"type-08d7ca68-b27e-4b65-9286-164028229447":{"label":"diamond-d","image":"https://raw.githubusercontent.com/rayzg/other-games/master/playing-card-tiles/playingcards.io/domino/diamond-d.svg"},"type-26df4d3b-e702-42ef-b496-85c385e4cdda":{"label":"heart-02","image":"https://raw.githubusercontent.com/rayzg/other-games/master/playing-card-tiles/playingcards.io/domino/heart-02.svg"},"type-ea944140-2603-4367-a0e2-47a73811fdc3":{"label":"heart-03","image":"https://raw.githubusercontent.com/rayzg/other-games/master/playing-card-tiles/playingcards.io/domino/heart-03.svg"},"type-9b1c9657-603d-4d95-bce8-794f5e95239e":{"label":"heart-04","image":"https://raw.githubusercontent.com/rayzg/other-games/master/playing-card-tiles/playingcards.io/domino/heart-04.svg"},"type-33e52106-dea5-43fe-a99f-11e300f2b6fe":{"label":"heart-05","image":"https://raw.githubusercontent.com/rayzg/other-games/master/playing-card-tiles/playingcards.io/domino/heart-05.svg"},"type-f797db88-de65-4a46-9aca-10be88a57b6e":{"label":"heart-06","image":"https://raw.githubusercontent.com/rayzg/other-games/master/playing-card-tiles/playingcards.io/domino/heart-06.svg"},"type-2c4f1424-818b-4665-b29d-7dac67466ef3":{"label":"heart-07","image":"https://raw.githubusercontent.com/rayzg/other-games/master/playing-card-tiles/playingcards.io/domino/heart-07.svg"},"type-9c38ac14-fb99-4c60-88d6-5413bfc60da7":{"label":"heart-08","image":"https://raw.githubusercontent.com/rayzg/other-games/master/playing-card-tiles/playingcards.io/domino/heart-08.svg"},"type-b0ec1625-bc37-4afd-9c2a-9e160a8bc38f":{"label":"heart-09","image":"https://raw.githubusercontent.com/rayzg/other-games/master/playing-card-tiles/playingcards.io/domino/heart-09.svg"},"type-afb3320d-a3f6-488e-8d94-c84c3752c3e3":{"label":"heart-10","image":"https://raw.githubusercontent.com/rayzg/other-games/master/playing-card-tiles/playingcards.io/domino/heart-10.svg"},"type-0375d197-5515-4d6a-a782-45ae6434d592":{"label":"heart-e","image":"https://raw.githubusercontent.com/rayzg/other-games/master/playing-card-tiles/playingcards.io/domino/heart-e.svg"},"type-bfe8828f-7372-44bd-ac62-6d11bb101347":{"label":"heart-kn","image":"https://raw.githubusercontent.com/rayzg/other-games/master/playing-card-tiles/playingcards.io/domino/heart-kn.svg"},"type-7bc03622-4158-480a-87e9-dd088f6bb5fa":{"label":"heart-k","image":"https://raw.githubusercontent.com/rayzg/other-games/master/playing-card-tiles/playingcards.io/domino/heart-k.svg"},"type-4cb3ce85-e5ab-41b2-8f2e-b1551174157a":{"label":"heart-d","image":"https://raw.githubusercontent.com/rayzg/other-games/master/playing-card-tiles/playingcards.io/domino/heart-d.svg"},"type-ca2ca62d-8933-436d-95d9-24270e139b6c":{"label":"spade-02","image":"https://raw.githubusercontent.com/rayzg/other-games/master/playing-card-tiles/playingcards.io/domino/spade-02.svg"},"type-d8a5d478-ef1c-4cc8-a8d1-d17e23c0eaa6":{"label":"spade-03","image":"https://raw.githubusercontent.com/rayzg/other-games/master/playing-card-tiles/playingcards.io/domino/spade-03.svg"},"type-382cab42-8e43-4471-9467-35ce55794ca3":{"label":"spade-04","image":"https://raw.githubusercontent.com/rayzg/other-games/master/playing-card-tiles/playingcards.io/domino/spade-04.svg"},"type-45082497-f983-4a7a-825d-d5f4c907b310":{"label":"spade-05","image":"https://raw.githubusercontent.com/rayzg/other-games/master/playing-card-tiles/playingcards.io/domino/spade-05.svg"},"type-ce2651af-cad5-4d62-94f5-a4ece48f681e":{"label":"spade-06","image":"https://raw.githubusercontent.com/rayzg/other-games/master/playing-card-tiles/playingcards.io/domino/spade-06.svg"},"type-30b4d07d-f7ce-452d-b75e-8f700e864920":{"label":"spade-07","image":"https://raw.githubusercontent.com/rayzg/other-games/master/playing-card-tiles/playingcards.io/domino/spade-07.svg"},"type-b8f8534a-cb63-4708-9f9e-7ed8b9fee65e":{"label":"spade-08","image":"https://raw.githubusercontent.com/rayzg/other-games/master/playing-card-tiles/playingcards.io/domino/spade-08.svg"},"type-00ba4e72-ac1d-43df-8726-23784078e984":{"label":"spade-09","image":"https://raw.githubusercontent.com/rayzg/other-games/master/playing-card-tiles/playingcards.io/domino/spade-09.svg"},"type-fc6fb6e8-5ebf-4b12-a741-f9772b641311":{"label":"spade-10","image":"https://raw.githubusercontent.com/rayzg/other-games/master/playing-card-tiles/playingcards.io/domino/spade-10.svg"},"type-7813bf72-9264-4b23-b577-4e56de25942e":{"label":"spade-e","image":"https://raw.githubusercontent.com/rayzg/other-games/master/playing-card-tiles/playingcards.io/domino/spade-e.svg"},"type-0f533aed-9c35-43ae-ad96-760c1bd040e4":{"label":"spade-kn","image":"https://raw.githubusercontent.com/rayzg/other-games/master/playing-card-tiles/playingcards.io/domino/spade-kn.svg"},"type-a901eb43-b3c8-464a-bc1d-44befe4f19fa":{"label":"spade-k","image":"https://raw.githubusercontent.com/rayzg/other-games/master/playing-card-tiles/playingcards.io/domino/spade-k.svg"},"type-29b59cf9-dc5b-4fb3-8764-51327e172af1":{"label":"spade-d","image":"https://raw.githubusercontent.com/rayzg/other-games/master/playing-card-tiles/playingcards.io/domino/spade-d.svg"},"type-920c91db-21de-49a0-9ff4-df7577999937":{"label":"joker-black","image":"https://raw.githubusercontent.com/rayzg/other-games/master/playing-card-tiles/playingcards.io/domino/joker-black.svg"},"type-d7a9d211-f717-4a4f-b738-9beb4e2eeea6":{"label":"joker-red","image":"https://raw.githubusercontent.com/rayzg/other-games/master/playing-card-tiles/playingcards.io/domino/joker-red.svg"},"type-4f51b8e0-a079-48b0-8abf-2fc8500f2e6f":{"label":"joker-club","image":"https://raw.githubusercontent.com/rayzg/other-games/master/playing-card-tiles/playingcards.io/domino/joker-club.svg"},"type-12f5bc29-c973-4a34-9caf-fa6e5fe50440":{"label":"joker-diamond","image":"https://raw.githubusercontent.com/rayzg/other-games/master/playing-card-tiles/playingcards.io/domino/joker-diamond.svg"},"type-955ab065-f736-4c2b-afc1-a0e91d4533c2":{"label":"joker-heart","image":"https://raw.githubusercontent.com/rayzg/other-games/master/playing-card-tiles/playingcards.io/domino/joker-heart.svg"},"type-0c13f089-8f50-4b57-9b64-c49f291e89de":{"label":"joker-spade","image":"https://raw.githubusercontent.com/rayzg/other-games/master/playing-card-tiles/playingcards.io/domino/joker-spade.svg"}},"y":34.23,"cardWidth":50,"id":"99f20a77-bd14-43e2-a491-aec8fdab65bb","faceTemplate":{"includeBorder":true,"includeRadius":true,"objects":[{"type":"image","x":0,"y":0,"w":50,"h":100,"color":"#ffffff","valueType":"dynamic","value":"image"}]},"cardHeight":100,"backTemplate":{"includeBorder":true,"includeRadius":true,"objects":[{"type":"image","x":0,"y":0,"w":50,"h":100,"color":"#ffffff","valueType":"static","value":"https://raw.githubusercontent.com/rayzg/vira/master/playingcards.io/vira-plaid-back.png"}]},"cardOverlapH":0,"type":"cardDeck","parent":"38fbac84-7527-4534-80dd-a36d8ec0c422","z":5821,"x":274.79,"dragging":null,"draggingType":null},{"id":"165ae5e5-798d-46eb-98cb-745972e2c3f2","type":"card","cardType":"type-ce2651af-cad5-4d62-94f5-a4ece48f681e","deck":"99f20a77-bd14-43e2-a491-aec8fdab65bb","parent":"38fbac84-7527-4534-80dd-a36d8ec0c422","x":292.79,"y":27.23,"z":6381,"owner":null,"faceup":false,"dragging":null,"draggingType":null},{"id":"34748c16-fa05-4f0c-8fa2-bdc07ef7dc9c","type":"card","cardType":"type-0f533aed-9c35-43ae-ad96-760c1bd040e4","deck":"99f20a77-bd14-43e2-a491-aec8fdab65bb","parent":"38fbac84-7527-4534-80dd-a36d8ec0c422","x":292.79,"y":27.23,"z":6366,"owner":null,"faceup":false,"dragging":null,"draggingType":null},{"id":"04f12dde-c50f-4d50-937d-e6c91645e354","type":"card","cardType":"type-9c38ac14-fb99-4c60-88d6-5413bfc60da7","deck":"99f20a77-bd14-43e2-a491-aec8fdab65bb","parent":"38fbac84-7527-4534-80dd-a36d8ec0c422","x":292.79,"y":27.23,"z":6397,"faceup":false,"owner":null,"dragging":null,"draggingType":null},{"id":"76e13208-b4ee-44ac-a5a8-b307af1c5d0d","x":4.05,"y":104.56,"type":"counter","counterValue":0,"z":5796,"label":"🟥","dragging":null},{"id":"38fbac84-7527-4534-80dd-a36d8ec0c422","x":288.79,"y":23.23,"z":5792,"type":"cardPile","hasShuffleButton":true,"width":58,"height":108,"dragging":null,"draggingType":null},{"id":"3e07d59c-25d0-411e-8238-cc331a763303","type":"card","cardType":"type-0dc23273-567a-4291-8347-afeb343f518a","deck":"99f20a77-bd14-43e2-a491-aec8fdab65bb","parent":"38fbac84-7527-4534-80dd-a36d8ec0c422","x":292.79,"y":27.23,"z":6372,"faceup":false,"owner":null,"dragging":null,"draggingType":null},{"id":"2c08ae3c-923b-4f9e-b09f-86e16d1fb568","type":"card","cardType":"type-00ba4e72-ac1d-43df-8726-23784078e984","deck":"99f20a77-bd14-43e2-a491-aec8fdab65bb","parent":"38fbac84-7527-4534-80dd-a36d8ec0c422","x":292.79,"y":27.23,"z":6375,"owner":null,"faceup":false,"dragging":null,"draggingType":null},{"id":"39566ff3-47a8-4848-956a-ac385c87db72","type":"card","cardType":"type-0fe6ce68-2879-4d35-8861-11804cf8c8ed","deck":"3cdc0085-84f4-408f-9e89-17960825a1c0","parent":null,"x":1481.23,"y":12.66,"z":5787,"faceup":true,"owner":null,"dragging":null},{"id":"14da2364-922e-40e9-9a07-03ea693bfabe","type":"card","cardType":"type-14e35f4c-17e4-4832-a2b9-751a2d9e623f","deck":"99f20a77-bd14-43e2-a491-aec8fdab65bb","parent":"38fbac84-7527-4534-80dd-a36d8ec0c422","x":292.79,"y":27.23,"z":6357,"faceup":false,"owner":null,"dragging":null,"draggingType":null},{"id":"4688e0e4-c65b-4431-8355-1ae5a67b6a5e","type":"card","cardType":"type-29b59cf9-dc5b-4fb3-8764-51327e172af1","deck":"99f20a77-bd14-43e2-a491-aec8fdab65bb","parent":"38fbac84-7527-4534-80dd-a36d8ec0c422","x":292.79,"y":27.23,"z":6360,"owner":null,"faceup":false,"dragging":null,"draggingType":null},{"width":1198.53969496834,"y":0,"boardImage":"https://raw.githubusercontent.com/rayzg/vira/master/playingcards.io/vira-in-levels-swedish.svg","type":"board","id":"d33d05c2-4fd0-4822-adde-ffaf1a6a5efe","height":725.1165154558456,"z":5819,"x":401.46,"dragging":null,"draggingType":null},{"id":"9654cc07-e8e4-4c32-80b6-726d0795ba62","type":"card","cardType":"type-2d3f11f4-4b7d-4b2c-b5e7-6f06bd3e4a14","deck":"99f20a77-bd14-43e2-a491-aec8fdab65bb","parent":"38fbac84-7527-4534-80dd-a36d8ec0c422","x":292.79,"y":27.23,"z":6367,"owner":null,"faceup":false,"dragging":null,"draggingType":null},{"id":"f84ebac3-00ed-42c4-bdf3-1b80638e723c","type":"card","cardType":"type-85483066-f77d-450e-bb88-5477c6e37ea3","deck":"99f20a77-bd14-43e2-a491-aec8fdab65bb","parent":"38fbac84-7527-4534-80dd-a36d8ec0c422","x":292.79,"y":27.23,"z":6370,"owner":null,"faceup":false,"dragging":null,"draggingType":null},{"id":"0cfd74c0-c45f-47e8-9897-d706a818d001","type":"card","cardType":"type-0e61e2e7-2466-4ff5-a218-84af206cf126","deck":"99f20a77-bd14-43e2-a491-aec8fdab65bb","parent":"38fbac84-7527-4534-80dd-a36d8ec0c422","x":292.79,"y":27.23,"z":6347,"faceup":false,"owner":null,"dragging":null,"draggingType":null},{"id":"d9ba1a6e-7a89-4558-be27-536c56b01a13","type":"card","cardType":"type-7813bf72-9264-4b23-b577-4e56de25942e","deck":"99f20a77-bd14-43e2-a491-aec8fdab65bb","parent":"38fbac84-7527-4534-80dd-a36d8ec0c422","x":292.79,"y":27.23,"z":6359,"owner":null,"faceup":false,"dragging":null,"draggingType":null},{"id":"f4930c5c-bded-4dc5-894e-c2282dd62999","type":"card","cardType":"type-f3e54fb5-408e-48f6-ad74-ab2c3ed9cf83","deck":"99f20a77-bd14-43e2-a491-aec8fdab65bb","parent":"38fbac84-7527-4534-80dd-a36d8ec0c422","x":292.79,"y":27.23,"z":6384,"faceup":false,"owner":null,"dragging":null,"draggingType":null},{"label":"Deal","y":168.56,"type":"automationButton","clickRoutine":[{"func":"MOVE_CARDS_BETWEEN_HOLDERS","args":{"from":{"type":"literal","value":["38fbac84-7527-4534-80dd-a36d8ec0c422"]},"to":{"type":"literal","value":["5fa7e985-03ba-4629-b647-04bca7474f22","71447b72-22ce-4fe9-b384-5086874008d1","bc9f42a3-eae2-4058-b3bf-ae0410c03424"]},"quantity":{"type":"literal","value":13}}},{"func":"CHANGE_COUNTER","args":{"counters":{"type":"literal","value":["31c7cb07-8907-4955-8d62-ba252c8fe0ee","e922cb3a-132c-4181-9e2f-db3066de6d68","da549028-5ee8-40b6-a9f5-feac8efa6e96"]},"changeMode":{"type":"literal","value":"set"}}}],"id":"36a3af54-0826-4093-b38d-39dd84a4035a","z":6000,"x":278.2,"dragging":null,"draggingType":null},{"id":"ec43223a-6b8a-469d-b0e4-db202bc9c360","type":"card","cardType":"type-4bbf888e-fc32-4631-b45d-a210943466e4","deck":"99f20a77-bd14-43e2-a491-aec8fdab65bb","parent":"38fbac84-7527-4534-80dd-a36d8ec0c422","x":292.79,"y":27.23,"z":6383,"owner":null,"faceup":false,"dragging":null,"draggingType":null},{"width":1373.2236842105228,"y":782.96,"boardImage":"https://raw.githubusercontent.com/rayzg/vira/master/playingcards.io/vira-ruler.svg","type":"board","id":"cfa19590-8714-4b5d-94fd-69a072bca9c3","height":35.703815789473595,"z":5626,"x":49.93,"dragging":null},{"id":"f2418150-0ca6-46b0-8896-b2149d2c37d3","type":"card","cardType":"type-9bd1ac2e-f613-4378-8687-a927b126dfb6","deck":"99f20a77-bd14-43e2-a491-aec8fdab65bb","parent":"38fbac84-7527-4534-80dd-a36d8ec0c422","x":292.79,"y":27.23,"z":6353,"faceup":false,"owner":null,"dragging":null,"draggingType":null},{"id":"e12052ea-e2d6-4355-9265-2b569ec3b06e","type":"card","cardType":"type-3895e65b-594b-408e-9fe0-761459a3fb39","deck":"99f20a77-bd14-43e2-a491-aec8fdab65bb","parent":"38fbac84-7527-4534-80dd-a36d8ec0c422","x":292.79,"y":27.23,"z":6363,"faceup":false,"owner":null,"dragging":null,"draggingType":null},{"id":"49a30b9c-abb4-4db3-9896-6e5248819f1d","type":"card","cardType":"type-4cb3ce85-e5ab-41b2-8f2e-b1551174157a","deck":"99f20a77-bd14-43e2-a491-aec8fdab65bb","parent":"38fbac84-7527-4534-80dd-a36d8ec0c422","x":292.79,"y":27.23,"z":6371,"faceup":false,"owner":null,"dragging":null,"draggingType":null},{"id":"f7a52633-bc43-413f-bd12-8d9fb48754db","type":"card","cardType":"type-0375d197-5515-4d6a-a782-45ae6434d592","deck":"99f20a77-bd14-43e2-a491-aec8fdab65bb","parent":"38fbac84-7527-4534-80dd-a36d8ec0c422","x":292.79,"y":27.23,"z":6349,"faceup":false,"owner":null,"dragging":null,"draggingType":null},{"id":"bc9f42a3-eae2-4058-b3bf-ae0410c03424","x":297.12,"y":628.94,"type":"cardPile","z":5993,"label":"🟡","width":58,"height":108,"dragging":null,"draggingType":null},{"id":"9c9b66bb-ac22-4270-a0e1-71723887294b","type":"card","cardType":"type-84bf5818-6c70-4abe-952c-1d54c15843c6","deck":"99f20a77-bd14-43e2-a491-aec8fdab65bb","parent":"38fbac84-7527-4534-80dd-a36d8ec0c422","x":292.79,"y":27.23,"z":6391,"faceup":false,"owner":null,"dragging":null,"draggingType":null},{"id":"d655d215-96ee-4436-957f-a1464c94de08","type":"card","cardType":"type-b8f8534a-cb63-4708-9f9e-7ed8b9fee65e","deck":"99f20a77-bd14-43e2-a491-aec8fdab65bb","parent":"38fbac84-7527-4534-80dd-a36d8ec0c422","x":292.79,"y":27.23,"z":6364,"owner":null,"faceup":false,"dragging":null,"draggingType":null},{"id":"4c7c6dc8-4466-431a-92d3-f9edc8de35e9","type":"card","cardType":"type-ca2ca62d-8933-436d-95d9-24270e139b6c","deck":"99f20a77-bd14-43e2-a491-aec8fdab65bb","parent":"38fbac84-7527-4534-80dd-a36d8ec0c422","x":292.79,"y":27.23,"z":6348,"owner":null,"faceup":false,"dragging":null,"draggingType":null},{"id":"47f96bc1-0369-42b5-ad2e-f2e8941c4a31","x":164.19,"y":578.78,"type":"gamePiece","pieceType":"pin","color":"green","z":5580,"dragging":null},{"id":"e922cb3a-132c-4181-9e2f-db3066de6d68","x":127.44,"y":386.92,"z":6187,"type":"counter","counterValue":0,"dragging":null,"draggingType":null},{"id":"da549028-5ee8-40b6-a9f5-feac8efa6e96","x":260.01,"y":560.83,"z":6191,"type":"counter","counterValue":1,"dragging":null,"draggingType":null},{"id":"f5061616-160c-4b5b-8adf-57dfb12a55e1","type":"card","cardType":"type-461877a7-f64f-4919-80b6-7665cd8e4e0e","deck":"99f20a77-bd14-43e2-a491-aec8fdab65bb","parent":"38fbac84-7527-4534-80dd-a36d8ec0c422","x":292.79,"y":27.23,"z":6396,"faceup":false,"owner":null,"dragging":null,"draggingType":null},{"id":"24d267e1-eb95-4955-958b-a7037ff2c628","type":"card","cardType":"type-d8a5d478-ef1c-4cc8-a8d1-d17e23c0eaa6","deck":"99f20a77-bd14-43e2-a491-aec8fdab65bb","parent":"38fbac84-7527-4534-80dd-a36d8ec0c422","x":292.79,"y":27.23,"z":6362,"owner":null,"faceup":false,"dragging":null,"draggingType":null},{"id":"54a74a17-a4b0-4fa9-b18b-10adb4914024","type":"card","cardType":"type-a901eb43-b3c8-464a-bc1d-44befe4f19fa","deck":"99f20a77-bd14-43e2-a491-aec8fdab65bb","parent":"38fbac84-7527-4534-80dd-a36d8ec0c422","x":292.79,"y":27.23,"z":6386,"faceup":false,"owner":null,"dragging":null,"draggingType":null},{"y":22.48,"x":153.75,"type":"spinner","id":"aaab1dc9-4697-4c7d-8fa4-8d2dd698448d","rotation":18195,"z":5955,"value":"♦️","options":["♥️","♠️","♦️","♣️"],"angle":"8258","dragging":null,"draggingType":null},{"id":"94d95cf2-314d-469e-a083-1865e2d7ddea","type":"card","cardType":"type-9b1c9657-603d-4d95-bce8-794f5e95239e","deck":"99f20a77-bd14-43e2-a491-aec8fdab65bb","parent":"38fbac84-7527-4534-80dd-a36d8ec0c422","x":292.79,"y":27.23,"z":6380,"owner":null,"faceup":false,"dragging":null,"draggingType":null},{"id":"caa98b75-9a0d-40fe-b2be-1ae9a5eaa684","type":"card","cardType":"type-d9125548-5340-48c8-b63e-4e479da3a84b","deck":"99f20a77-bd14-43e2-a491-aec8fdab65bb","parent":"38fbac84-7527-4534-80dd-a36d8ec0c422","x":292.79,"y":27.23,"z":6395,"owner":null,"faceup":false,"dragging":null,"draggingType":null},{"id":"31c7cb07-8907-4955-8d62-ba252c8fe0ee","x":5.92,"y":562.88,"z":6196,"type":"counter","counterValue":1,"dragging":null,"draggingType":null},{"id":"5fa7e985-03ba-4629-b647-04bca7474f22","x":45.21,"y":630.18,"type":"cardPile","z":5984,"label":"🔷","width":58,"height":108,"dragging":null,"draggingType":null},{"id":"1945ffbf-7716-4b79-b312-f042e48c14a7","x":45.75,"y":356.45,"z":6194,"type":"cardPile","width":58,"height":108,"dragging":null,"draggingType":null},{"id":"7d0f214e-d14e-4c81-8ad0-5081fb10d581","x":294.56,"y":361.74,"z":6193,"type":"cardPile","width":58,"height":108,"dragging":null,"draggingType":null},{"id":"4469f48e-3203-4864-b9d8-5a6216af8873","x":166.54,"y":193.8,"z":6185,"type":"cardPile","width":58,"height":108,"dragging":null,"draggingType":null},{"id":"ceda0649-73a1-4efb-b2ab-6f85c31fe934","x":32.29,"y":475.78,"z":6240,"type":"automationButton","label":"Win trick 🔷","clickRoutine":[{"func":"MOVE_CARDS_BETWEEN_HOLDERS","args":{"from":{"type":"literal","value":["5fa7e985-03ba-4629-b647-04bca7474f22","71447b72-22ce-4fe9-b384-5086874008d1","bc9f42a3-eae2-4058-b3bf-ae0410c03424"]},"to":{"type":"literal","value":["1945ffbf-7716-4b79-b312-f042e48c14a7"]},"quantity":{"type":"literal","value":6},"moveFlip":{"type":"literal","value":"faceDown"}}},{"func":"CHANGE_COUNTER","args":{"counters":{"type":"literal","value":["31c7cb07-8907-4955-8d62-ba252c8fe0ee"]},"changeMode":{"type":"literal","value":"inc"},"changeNumber":{"type":"literal","value":1}}}],"dragging":null,"draggingType":null},{"id":"3cee9cd3-295f-4494-9732-b15bc4ae85b5","x":155.44,"y":307.9,"z":6241,"type":"automationButton","label":"Win trick 🟥","clickRoutine":[{"func":"MOVE_CARDS_BETWEEN_HOLDERS","args":{"from":{"type":"literal","value":["5fa7e985-03ba-4629-b647-04bca7474f22","71447b72-22ce-4fe9-b384-5086874008d1","bc9f42a3-eae2-4058-b3bf-ae0410c03424"]},"to":{"type":"literal","value":["4469f48e-3203-4864-b9d8-5a6216af8873"]},"quantity":{"type":"literal","value":6},"moveFlip":{"type":"literal","value":"faceDown"}}},{"func":"CHANGE_COUNTER","args":{"counters":{"type":"literal","value":["e922cb3a-132c-4181-9e2f-db3066de6d68"]},"changeMode":{"type":"literal","value":"inc"},"changeNumber":{"type":"literal","value":1}}}],"dragging":null,"draggingType":null},{"id":"de2309ec-d589-43b3-a38d-3e84b333cb9c","x":285,"y":479.02,"z":6242,"type":"automationButton","label":"Win trick 🟡","clickRoutine":[{"func":"MOVE_CARDS_BETWEEN_HOLDERS","args":{"from":{"type":"literal","value":["5fa7e985-03ba-4629-b647-04bca7474f22","71447b72-22ce-4fe9-b384-5086874008d1","bc9f42a3-eae2-4058-b3bf-ae0410c03424"]},"to":{"type":"literal","value":["7d0f214e-d14e-4c81-8ad0-5081fb10d581"]},"quantity":{"type":"literal","value":6},"moveFlip":{"type":"literal","value":"faceDown"}}},{"func":"CHANGE_COUNTER","args":{"counters":{"type":"literal","value":["da549028-5ee8-40b6-a9f5-feac8efa6e96"]},"changeMode":{"type":"literal","value":"inc"},"changeNumber":{"type":"literal","value":1}}}],"dragging":null,"draggingType":null}]